{
  "model": "Llama-3.2-3B",
  "total_params": 3212739072,
  "footprints": {
    "fp32": {
      "bytes_per_param": 4,
      "weight_bytes": 12850956288,
      "weight_mb": 12255.328125,
      "compression_vs_fp16": 0.5
    },
    "fp16": {
      "bytes_per_param": 2,
      "weight_bytes": 6425478144,
      "weight_mb": 6127.6640625,
      "compression_vs_fp16": 1.0
    },
    "int8": {
      "bytes_per_param": 1,
      "weight_bytes": 3212739072,
      "weight_mb": 3063.83203125,
      "compression_vs_fp16": 2.0
    },
    "int4": {
      "bytes_per_param": 0.5,
      "weight_bytes": 1606369536,
      "weight_mb": 1531.916015625,
      "compression_vs_fp16": 4.0
    },
    "ternary": {
      "bytes_per_param": 0.25,
      "weight_bytes": 803184768,
      "weight_mb": 765.9580078125,
      "compression_vs_fp16": 8.0
    }
  },
  "gemv_estimates": [
    {
      "shape": "1x3072",
      "label": "Llama-3B hidden",
      "weight_bytes": 768,
      "total_bytes": 6914,
      "memory_latency_us": 0.025426470588235294,
      "projected_latency_us": 2.0254264705882354
    },
    {
      "shape": "1x8192",
      "label": "Llama-3B FFN up/down",
      "weight_bytes": 2048,
      "total_bytes": 18434,
      "memory_latency_us": 0.06777205882352942,
      "projected_latency_us": 2.0677720588235293
    },
    {
      "shape": "1x4096",
      "label": "Llama-7B hidden",
      "weight_bytes": 1024,
      "total_bytes": 9218,
      "memory_latency_us": 0.03388970588235294,
      "projected_latency_us": 2.033889705882353
    },
    {
      "shape": "1x11008",
      "label": "Llama-7B FFN up/down",
      "weight_bytes": 2752,
      "total_bytes": 24770,
      "memory_latency_us": 0.09106617647058823,
      "projected_latency_us": 2.091066176470588
    }
  ]
}
