{
  "model": "Llama-3.2-3B",
  "total_params": 3606752256,
  "footprints": {
    "fp32": {
      "bytes_per_param": 4,
      "weight_bytes": 14427009024,
      "weight_mb": 13758.66796875,
      "compression_vs_fp16": 0.5
    },
    "fp16": {
      "bytes_per_param": 2,
      "weight_bytes": 7213504512,
      "weight_mb": 6879.333984375,
      "compression_vs_fp16": 1.0
    },
    "int8": {
      "bytes_per_param": 1,
      "weight_bytes": 3606752256,
      "weight_mb": 3439.6669921875,
      "compression_vs_fp16": 2.0
    },
    "int4": {
      "bytes_per_param": 0.5,
      "weight_bytes": 1803376128,
      "weight_mb": 1719.83349609375,
      "compression_vs_fp16": 4.0
    },
    "ternary": {
      "bytes_per_param": 0.25,
      "weight_bytes": 901688064,
      "weight_mb": 859.916748046875,
      "compression_vs_fp16": 8.0
    }
  },
  "gemv_estimates": [
    {
      "shape": "1x3072",
      "label": "Llama-3B hidden",
      "weight_bytes": 768,
      "total_bytes": 6914,
      "memory_latency_us": 0.025419117647058825,
      "projected_latency_us": 2.0254191176470586
    },
    {
      "shape": "1x8192",
      "label": "Llama-3B FFN up/down",
      "weight_bytes": 2048,
      "total_bytes": 18434,
      "memory_latency_us": 0.06777205882352942,
      "projected_latency_us": 2.0677720588235293
    },
    {
      "shape": "1x4096",
      "label": "Llama-7B hidden",
      "weight_bytes": 1024,
      "total_bytes": 9218,
      "memory_latency_us": 0.03388970588235294,
      "projected_latency_us": 2.033889705882353
    },
    {
      "shape": "1x11008",
      "label": "Llama-7B FFN up/down",
      "weight_bytes": 2752,
      "total_bytes": 24770,
      "memory_latency_us": 0.09106617647058823,
      "projected_latency_us": 2.091066176470588
    }
  ]
}