{
  "model": "Llama-3.2-1B",
  "total_params": 1498482688,
  "footprints": {
    "fp32": {
      "bytes_per_param": 4,
      "weight_bytes": 5993930752,
      "weight_mb": 5716.2578125,
      "compression_vs_fp16": 0.5
    },
    "fp16": {
      "bytes_per_param": 2,
      "weight_bytes": 2996965376,
      "weight_mb": 2858.12890625,
      "compression_vs_fp16": 1.0
    },
    "int8": {
      "bytes_per_param": 1,
      "weight_bytes": 1498482688,
      "weight_mb": 1429.064453125,
      "compression_vs_fp16": 2.0
    },
    "int4": {
      "bytes_per_param": 0.5,
      "weight_bytes": 749241344,
      "weight_mb": 714.5322265625,
      "compression_vs_fp16": 4.0
    },
    "ternary": {
      "bytes_per_param": 0.25,
      "weight_bytes": 374620672,
      "weight_mb": 357.26611328125,
      "compression_vs_fp16": 8.0
    }
  },
  "gemv_estimates": [
    {
      "shape": "1x2048",
      "label": "Llama-1B hidden",
      "weight_bytes": 512,
      "total_bytes": 4610,
      "memory_latency_us": 0.016948529411764706,
      "projected_latency_us": 2.016948529411765
    },
    {
      "shape": "1x8192",
      "label": "Llama-1B FFN up/down",
      "weight_bytes": 2048,
      "total_bytes": 18434,
      "memory_latency_us": 0.06777205882352942,
      "projected_latency_us": 2.0677720588235293
    },
    {
      "shape": "1x4096",
      "label": "Llama-7B hidden",
      "weight_bytes": 1024,
      "total_bytes": 9218,
      "memory_latency_us": 0.03388970588235294,
      "projected_latency_us": 2.033889705882353
    },
    {
      "shape": "1x11008",
      "label": "Llama-7B FFN up/down",
      "weight_bytes": 2752,
      "total_bytes": 24770,
      "memory_latency_us": 0.09106617647058823,
      "projected_latency_us": 2.091066176470588
    }
  ]
}